Date ,Day,Month,Quarter,Year,series ,OPEN ,HIGH,LOW ,PREV. CLOSE ,ltp,close,vwap,52W H ,52W L ,VOLUME ,No of trades 
02-Sep-25,Tuesday,September,Q3,2025,EQ,145200.0,155000.0,144185.0,144835.0,152870.0,153885.0,151571.7,155000.0,102124.1,32632.0,19818.0
01-Sep-25,Monday,September,Q3,2025,EQ,141100.0,145500.0,140955.0,140955.0,144940.0,144835.0,143369.8,153000.0,102124.1,6252.0,4318.0
29-Aug-25,Friday,August,Q3,2025,EQ,142000.0,142605.0,139900.0,142275.0,140000.0,140955.0,141224.6,153000.0,102124.1,7056.0,5210.0
28-Aug-25,Thursday,August,Q3,2025,EQ,142700.0,143490.0,141200.0,142380.0,142130.0,142275.0,142216.2,153000.0,102124.1,6106.0,4039.0
26-Aug-25,Tuesday,August,Q3,2025,EQ,146500.0,147020.0,141600.0,146745.0,142250.0,142380.0,143533.8,153000.0,102124.1,8941.0,6335.0
25-Aug-25,Monday,August,Q3,2025,EQ,148200.0,148200.0,146205.0,147505.0,146990.0,146745.0,146827.8,153000.0,102124.1,4631.0,2628.0
22-Aug-25,Friday,August,Q3,2025,EQ,148750.0,148750.0,147000.0,148125.0,147300.0,147505.0,147518.4,153000.0,102124.1,3011.0,2311.0
21-Aug-25,Thursday,August,Q3,2025,EQ,149530.0,150000.0,147465.0,148790.0,147805.0,148125.0,148221.8,153000.0,102124.1,5446.0,3494.0
20-Aug-25,Wednesday,August,Q3,2025,EQ,146500.0,149200.0,145860.0,146535.0,148100.0,148790.0,148283.6,153000.0,102124.1,6421.0,4548.0
19-Aug-25,Tuesday,August,Q3,2025,EQ,144500.0,148825.0,143250.0,144515.0,146400.0,146535.0,146783.9,153000.0,102124.1,18003.0,8034.0
18-Aug-25,Monday,August,Q3,2025,EQ,139100.0,145250.0,138755.0,138475.0,143500.0,144515.0,143086.1,153000.0,102124.1,12991.0,8903.0
14-Aug-25,Thursday,August,Q3,2025,EQ,139000.0,139750.0,137900.0,138840.0,138140.0,138475.0,138681.1,153000.0,102124.1,4133.0,3284.0
13-Aug-25,Wednesday,August,Q3,2025,EQ,141700.0,141700.0,138100.0,140535.0,138300.0,138840.0,139598.1,153000.0,102124.1,4360.0,3334.0
12-Aug-25,Tuesday,August,Q3,2025,EQ,142170.0,142695.0,137215.0,142170.0,140700.0,140535.0,140510.7,153000.0,102124.1,11861.0,7492.0
11-Aug-25,Monday,August,Q3,2025,EQ,142850.0,143485.0,141095.0,142715.0,141500.0,142170.0,142534.2,153000.0,102124.1,2920.0,2279.0
08-Aug-25,Friday,August,Q3,2025,EQ,144700.0,144700.0,142000.0,144265.0,142845.0,142715.0,143259.7,153000.0,102124.1,2851.0,2294.0
07-Aug-25,Thursday,August,Q3,2025,EQ,145500.0,146130.0,143500.0,146385.0,144000.0,144265.0,144531.6,153000.0,102124.1,4325.0,3395.0
06-Aug-25,Wednesday,August,Q3,2025,EQ,147000.0,147385.0,145700.0,145845.0,146520.0,146385.0,146545.6,153000.0,102124.1,4222.0,2941.0
05-Aug-25,Tuesday,August,Q3,2025,EQ,144600.0,146280.0,144200.0,144285.0,145600.0,145845.0,145186.5,153000.0,102124.1,3962.0,3108.0
04-Aug-25,Monday,August,Q3,2025,EQ,145900.0,147195.0,143995.0,145905.0,144485.0,144285.0,145127.9,153000.0,102124.1,6882.0,4738.0
01-Aug-25,Friday,August,Q3,2025,EQ,148400.0,149180.0,145050.0,147845.0,145450.0,145905.0,146488.3,153000.0,102124.1,6369.0,4850.0
31-Jul-25,Thursday,July,Q3,2025,EQ,149050.0,149495.0,147200.0,150025.0,147990.0,147845.0,147931.1,153000.0,102124.1,6737.0,4653.0
30-Jul-25,Wednesday,July,Q3,2025,EQ,149960.0,150290.0,148600.0,149355.0,149950.0,150025.0,149696.3,153000.0,102124.1,3136.0,2547.0
29-Jul-25,Tuesday,July,Q3,2025,EQ,148300.0,150220.0,148015.0,147805.0,149270.0,149355.0,149083.8,153000.0,102124.1,4513.0,3386.0
28-Jul-25,Monday,July,Q3,2025,EQ,149500.0,150770.0,147205.0,149210.0,147500.0,147805.0,148912.3,153000.0,102124.1,4668.0,3753.0
25-Jul-25,Friday,July,Q3,2025,EQ,150800.0,151250.0,148425.0,150880.0,148755.0,149210.0,149842.4,153000.0,102124.1,4591.0,3370.0
24-Jul-25,Thursday,July,Q3,2025,EQ,149915.0,152190.0,149900.0,149915.0,150800.0,150880.0,151142.2,153000.0,102124.1,7838.0,5494.0
23-Jul-25,Wednesday,July,Q3,2025,EQ,148600.0,150300.0,148600.0,148170.0,149875.0,149915.0,149371.7,153000.0,102124.1,3588.0,2629.0
22-Jul-25,Tuesday,July,Q3,2025,EQ,148500.0,150900.0,147860.0,148405.0,148600.0,148170.0,149231.0,153000.0,102124.1,6764.0,4601.0
21-Jul-25,Monday,July,Q3,2025,EQ,148400.0,149000.0,146550.0,148060.0,148500.0,148405.0,147831.1,153000.0,102124.1,6592.0,4657.0
18-Jul-25,Friday,July,Q3,2025,EQ,150535.0,151500.0,147500.0,150535.0,148000.0,148060.0,149195.7,153000.0,102124.1,8078.0,5969.0
17-Jul-25,Thursday,July,Q3,2025,EQ,152100.0,152470.0,150005.0,152470.0,150110.0,150535.0,151340.5,153000.0,102124.1,6478.0,4631.0
16-Jul-25,Wednesday,July,Q3,2025,EQ,150200.0,153000.0,150200.0,150785.0,152175.0,152470.0,151675.4,153000.0,102124.1,7865.0,5535.0
15-Jul-25,Tuesday,July,Q3,2025,EQ,149530.0,151300.0,148270.0,148845.0,150700.0,150785.0,149893.3,151900.0,102124.1,9826.0,6520.0
14-Jul-25,Monday,July,Q3,2025,EQ,148240.0,150600.0,147005.0,148240.0,148210.0,148845.0,148862.3,151900.0,102124.1,11768.0,6940.0
11-Jul-25,Friday,July,Q3,2025,EQ,148280.0,148880.0,146200.0,148280.0,148150.0,148240.0,147602.1,151900.0,102124.1,7148.0,5357.0
10-Jul-25,Thursday,July,Q3,2025,EQ,150100.0,150700.0,147000.0,150715.0,148320.0,148280.0,148231.4,151900.0,102124.1,9580.0,7063.0
09-Jul-25,Wednesday,July,Q3,2025,EQ,144945.0,151900.0,144000.0,144945.0,150690.0,150715.0,149594.3,151900.0,102124.1,24541.0,14969.0
08-Jul-25,Tuesday,July,Q3,2025,EQ,143005.0,145555.0,142210.0,143135.0,144550.0,144945.0,144151.5,148075.0,102124.1,4391.0,3317.0
07-Jul-25,Monday,July,Q3,2025,EQ,144660.0,144660.0,142200.0,143965.0,143000.0,143135.0,142982.8,148075.0,102124.1,3844.0,2627.0
04-Jul-25,Friday,July,Q3,2025,EQ,145500.0,146000.0,143500.0,144920.0,143850.0,143965.0,144241.6,148075.0,102124.1,4175.0,2969.0
03-Jul-25,Thursday,July,Q3,2025,EQ,145400.0,148075.0,143720.0,145210.0,144230.0,144920.0,146347.5,148075.0,102124.1,7751.0,5371.0
02-Jul-25,Wednesday,July,Q3,2025,EQ,142800.0,145680.0,142800.0,142500.0,145400.0,145210.0,144578.1,147435.0,102124.1,7394.0,5331.0
01-Jul-25,Tuesday,July,Q3,2025,EQ,143000.0,143695.0,141690.0,142360.0,142165.0,142500.0,142606.6,147435.0,102124.1,5748.0,4588.0
30-Jun-25,Monday,June,Q2,2025,EQ,144000.0,145100.0,141695.0,143215.0,142005.0,142360.0,143581.6,147435.0,102124.1,6320.0,4850.0
27-Jun-25,Friday,June,Q2,2025,EQ,142600.0,145700.0,141700.0,142515.0,142830.0,143215.0,143508.1,147435.0,102124.1,20472.0,11432.0
26-Jun-25,Thursday,June,Q2,2025,EQ,139305.0,143000.0,138625.0,139255.0,142065.0,142515.0,141275.1,147435.0,102124.1,11171.0,7535.0
25-Jun-25,Wednesday,June,Q2,2025,EQ,136910.0,139595.0,136600.0,136610.0,138200.0,139255.0,138141.2,147435.0,102124.1,5814.0,4326.0
24-Jun-25,Tuesday,June,Q2,2025,EQ,136500.0,137125.0,135830.0,135555.0,136010.0,136610.0,136455.1,147435.0,102124.1,4694.0,3588.0
23-Jun-25,Monday,June,Q2,2025,EQ,134430.0,135995.0,134400.0,134430.0,135400.0,135555.0,135281.3,147435.0,102124.1,3479.0,2616.0
20-Jun-25,Friday,June,Q2,2025,EQ,138510.0,138875.0,132740.0,138180.0,134500.0,134430.0,134840.2,147435.0,102124.1,24690.0,15645.0
19-Jun-25,Thursday,June,Q2,2025,EQ,137750.0,138650.0,137060.0,137950.0,137620.0,138180.0,138209.9,147435.0,102124.1,3680.0,2119.0
18-Jun-25,Wednesday,June,Q2,2025,EQ,136100.0,138500.0,136100.0,136350.0,137620.0,137950.0,137410.7,147435.0,102124.1,4151.0,2993.0
17-Jun-25,Tuesday,June,Q2,2025,EQ,136300.0,137030.0,136005.0,136145.0,136080.0,136350.0,136401.2,147435.0,102124.1,2551.0,1875.0
16-Jun-25,Monday,June,Q2,2025,EQ,136800.0,137445.0,135900.0,137620.0,136120.0,136145.0,136587.4,147435.0,102124.1,4147.0,3090.0
13-Jun-25,Friday,June,Q2,2025,EQ,135795.0,138000.0,135000.0,136385.0,137105.0,137620.0,136518.8,147435.0,102124.1,5875.0,4625.0
12-Jun-25,Thursday,June,Q2,2025,EQ,137430.0,137770.0,135500.0,136880.0,135925.0,136385.0,136417.1,147435.0,102124.1,8399.0,4354.0
11-Jun-25,Wednesday,June,Q2,2025,EQ,138000.0,139450.0,136500.0,137850.0,137045.0,136880.0,137858.0,147435.0,102124.1,5607.0,4311.0
10-Jun-25,Tuesday,June,Q2,2025,EQ,139400.0,139400.0,136555.0,138595.0,137460.0,137850.0,137457.1,147435.0,102124.1,9402.0,6770.0
09-Jun-25,Monday,June,Q2,2025,EQ,139540.0,141335.0,138210.0,139530.0,138530.0,138595.0,139550.5,147435.0,102124.1,6140.0,4580.0
06-Jun-25,Friday,June,Q2,2025,EQ,140700.0,140700.0,138185.0,140360.0,139760.0,139530.0,139266.9,147435.0,102124.1,6901.0,5111.0
05-Jun-25,Thursday,June,Q2,2025,EQ,136800.0,140900.0,136535.0,136105.0,139915.0,140360.0,139297.2,147435.0,102124.1,15753.0,7974.0
04-Jun-25,Wednesday,June,Q2,2025,EQ,138770.0,139000.0,135800.0,138080.0,135855.0,136105.0,136767.2,147435.0,102124.1,10461.0,7917.0
03-Jun-25,Tuesday,June,Q2,2025,EQ,140760.0,141900.0,137450.0,140750.0,138100.0,138080.0,138569.1,147435.0,102124.1,12154.0,9383.0
02-Jun-25,Monday,June,Q2,2025,EQ,138400.0,141400.0,137010.0,138865.0,140115.0,140750.0,139340.9,147435.0,102124.1,13350.0,9608.0
30-May-25,Friday,May,Q2,2025,EQ,141690.0,141845.0,137165.0,140905.0,138700.0,138865.0,139310.0,147435.0,102124.1,13777.0,7533.0
29-May-25,Thursday,May,Q2,2025,EQ,143100.0,144430.0,140015.0,142785.0,140715.0,140905.0,141867.8,147435.0,102124.1,14872.0,10210.0
28-May-25,Wednesday,May,Q2,2025,EQ,144800.0,144800.0,141555.0,143985.0,142800.0,142785.0,142637.0,147435.0,102124.1,14908.0,10160.0
27-May-25,Tuesday,May,Q2,2025,EQ,146625.0,146795.0,143620.0,146625.0,144350.0,143985.0,144719.9,147435.0,102124.1,9952.0,7365.0
26-May-25,Monday,May,Q2,2025,EQ,144000.0,147435.0,143705.0,143670.0,146150.0,146625.0,146137.8,147435.0,102124.1,15301.0,10410.0
23-May-25,Friday,May,Q2,2025,EQ,142250.0,143955.0,141830.0,142345.0,143825.0,143670.0,143422.2,143955.0,102124.1,5635.0,3865.0
22-May-25,Thursday,May,Q2,2025,EQ,142400.0,143140.0,141500.0,142285.0,142395.0,142345.0,142284.8,143849.9,102124.1,5201.0,3670.0
21-May-25,Wednesday,May,Q2,2025,EQ,140800.0,142500.0,140500.0,140240.0,142400.0,142285.0,141853.4,143849.9,102124.1,7110.0,4837.0
20-May-25,Tuesday,May,Q2,2025,EQ,140100.0,141150.0,139485.0,140145.0,140420.0,140240.0,140433.2,143849.9,102124.1,8983.0,5292.0
19-May-25,Monday,May,Q2,2025,EQ,139410.0,140655.0,139410.0,140265.0,140000.0,140145.0,139998.4,143849.9,102124.1,6621.0,4677.0
16-May-25,Friday,May,Q2,2025,EQ,141765.0,142460.0,140000.0,141140.0,140145.0,140265.0,140867.5,143849.9,102124.1,9730.0,4922.0
15-May-25,Thursday,May,Q2,2025,EQ,141500.0,141875.0,140865.0,141070.0,141075.0,141140.0,141351.0,143849.9,102124.1,5969.0,4387.0
14-May-25,Wednesday,May,Q2,2025,EQ,140425.0,141380.0,140425.0,140425.0,141080.0,141070.0,140898.1,143849.9,102124.1,6640.0,4610.0
13-May-25,Tuesday,May,Q2,2025,EQ,140100.0,141070.0,139000.0,139925.0,140550.0,140425.0,140134.8,143849.9,102124.1,6054.0,4729.0
12-May-25,Monday,May,Q2,2025,EQ,140400.0,141095.0,139570.0,137675.0,140000.0,139925.0,140041.7,143849.9,102124.1,5916.0,4687.0
09-May-25,Friday,May,Q2,2025,EQ,137415.0,138295.0,135600.0,138760.0,137620.0,137675.0,137064.7,143849.9,102124.1,9582.0,7753.0
08-May-25,Thursday,May,Q2,2025,EQ,140750.0,143275.0,138350.0,140420.0,138355.0,138760.0,140695.4,143849.9,102124.1,15480.0,11957.0
07-May-25,Wednesday,May,Q2,2025,EQ,131500.0,141500.0,131500.0,134990.0,140610.0,140420.0,139042.1,143849.9,102124.1,27052.0,19377.0
06-May-25,Tuesday,May,Q2,2025,EQ,136800.0,137270.0,134500.0,136120.0,134500.0,134990.0,135557.5,143849.9,102124.1,5771.0,4541.0
05-May-25,Monday,May,Q2,2025,EQ,135310.0,137845.0,135310.0,135200.0,136460.0,136120.0,136712.3,143849.9,102124.1,7072.0,5135.0
02-May-25,Friday,May,Q2,2025,EQ,134800.0,135740.0,133900.0,134505.0,134940.0,135200.0,134924.9,143849.9,102124.1,8417.0,6690.0
30-Apr-25,Wednesday,April,Q2,2025,EQ,132950.0,135600.0,132000.0,132805.0,134200.0,134505.0,134077.5,143849.9,102124.1,11000.0,7612.0
29-Apr-25,Tuesday,April,Q2,2025,EQ,130750.0,133200.0,130700.0,130225.0,132610.0,132805.0,132431.5,143849.9,102124.1,7993.0,6220.0
28-Apr-25,Monday,April,Q2,2025,EQ,128500.0,130375.0,128495.0,128655.0,130330.0,130225.0,129656.2,143849.9,102124.1,4740.0,3623.0
25-Apr-25,Friday,April,Q2,2025,EQ,130500.0,130700.0,127400.0,129920.0,128500.0,128655.0,128938.1,143849.9,102124.1,7468.0,5997.0
24-Apr-25,Thursday,April,Q2,2025,EQ,128000.0,130470.0,127555.0,127980.0,130100.0,129920.0,129121.1,143849.9,102124.1,11841.0,7705.0
23-Apr-25,Wednesday,April,Q2,2025,EQ,129380.0,129380.0,126650.0,127655.0,127770.0,127980.0,127704.9,143849.9,102124.1,6770.0,4826.0
22-Apr-25,Tuesday,April,Q2,2025,EQ,127200.0,129115.0,126300.0,126800.0,127755.0,127655.0,127878.2,143849.9,102124.1,9283.0,6715.0
21-Apr-25,Monday,April,Q2,2025,EQ,127475.0,128000.0,126495.0,126475.0,126900.0,126800.0,126878.1,143849.9,102124.1,6676.0,4514.0
17-Apr-25,Thursday,April,Q2,2025,EQ,124100.0,126860.0,123990.0,124490.0,126570.0,126475.0,126125.7,143849.9,102124.1,15654.0,8933.0
16-Apr-25,Wednesday,April,Q2,2025,EQ,122950.0,124775.0,122885.0,122905.0,124665.0,124490.0,123641.8,143849.9,102124.1,10139.0,6060.0
15-Apr-25,Tuesday,April,Q2,2025,EQ,119900.0,123010.0,118200.0,117544.4,122625.0,122905.0,120886.5,143849.9,102124.1,14655.0,6835.0
11-Apr-25,Friday,April,Q2,2025,EQ,113300.0,118750.0,113300.0,113113.3,117490.0,117544.4,116677.2,143849.9,102124.1,17890.0,10736.0
09-Apr-25,Wednesday,April,Q2,2025,EQ,112697.0,113397.4,111300.2,112592.4,112853.1,113113.3,112565.2,143849.9,102124.1,4967.0,3489.0
08-Apr-25,Tuesday,April,Q2,2025,EQ,112000.0,113508.8,111510.1,110385.5,112697.0,112592.4,112428.3,143849.9,102124.1,4965.0,3722.0
07-Apr-25,Monday,April,Q2,2025,EQ,110000.0,110821.5,108001.0,113237.0,110666.0,110385.5,109833.2,143849.9,102124.1,7098.0,5043.0
04-Apr-25,Friday,April,Q2,2025,EQ,115000.0,115000.0,112800.0,114870.5,113280.3,113237.0,113408.4,143849.9,102124.1,4440.0,3260.0
03-Apr-25,Thursday,April,Q2,2025,EQ,114500.0,115000.0,113800.0,115137.4,114877.7,114870.5,114499.9,143849.9,102124.1,3272.0,2613.0
02-Apr-25,Wednesday,April,Q2,2025,EQ,113400.1,115275.8,112774.3,113037.1,114919.0,115137.4,114379.1,143849.9,102124.1,5030.0,3815.0
01-Apr-25,Tuesday,April,Q2,2025,EQ,112500.0,114411.7,111900.0,112677.8,113077.8,113037.1,113253.0,143849.9,102124.1,3593.0,2862.0
28-Mar-25,Friday,March,Q1,2025,EQ,113800.0,114397.0,112084.4,113264.1,112500.3,112677.8,112938.0,143849.9,102124.1,7320.0,5233.0
27-Mar-25,Thursday,March,Q1,2025,EQ,114003.0,114200.0,112445.0,114321.2,113939.7,113264.1,113188.3,143849.9,102124.1,10576.0,7707.0
26-Mar-25,Wednesday,March,Q1,2025,EQ,114126.5,115500.0,113900.1,114264.5,114008.7,114321.2,114844.4,143849.9,102124.1,5979.0,4284.0
25-Mar-25,Tuesday,March,Q1,2025,EQ,115925.0,116000.0,113509.9,114020.8,114115.0,114264.5,114610.7,143849.9,102124.1,8037.0,5495.0
24-Mar-25,Monday,March,Q1,2025,EQ,112990.0,114300.0,112651.3,112050.2,114150.0,114020.8,113907.5,143849.9,102124.1,5731.0,4028.0
21-Mar-25,Friday,March,Q1,2025,EQ,111440.0,112800.0,111042.5,111107.9,112100.0,112050.2,112131.5,143849.9,102124.1,8367.0,5828.0
20-Mar-25,Thursday,March,Q1,2025,EQ,110500.0,111450.0,110161.2,109922.8,111230.0,111107.9,110951.6,143849.9,102124.1,5687.0,3631.0
19-Mar-25,Wednesday,March,Q1,2025,EQ,107999.7,110099.0,107999.7,107839.2,110099.0,109922.8,109099.6,143849.9,102124.1,6057.0,4141.0
18-Mar-25,Tuesday,March,Q1,2025,EQ,105500.0,107950.0,105500.0,105410.8,107850.1,107839.2,107154.7,143849.9,102124.1,4928.0,3410.0
17-Mar-25,Monday,March,Q1,2025,EQ,105200.0,106440.7,105200.0,105041.6,105400.1,105410.8,105688.2,143849.9,102124.1,3891.0,2912.0
13-Mar-25,Thursday,March,Q1,2025,EQ,107264.3,107264.3,104800.0,107264.3,105200.0,105041.6,105621.1,145337.3,102124.1,9096.0,5380.0
12-Mar-25,Wednesday,March,Q1,2025,EQ,107000.0,107475.8,106309.0,106534.3,107115.8,107264.3,106933.7,145337.3,102124.1,3589.0,2709.0
11-Mar-25,Tuesday,March,Q1,2025,EQ,106500.0,106860.0,105576.1,106650.6,106800.0,106534.3,106304.4,145337.3,102124.1,3772.0,2594.0
10-Mar-25,Monday,March,Q1,2025,EQ,107839.0,108198.0,106174.8,107203.0,106407.5,106650.6,107096.3,145337.3,102124.1,5348.0,3636.0
07-Mar-25,Friday,March,Q1,2025,EQ,107500.0,108650.0,107001.5,107795.3,107450.0,107203.0,107773.8,147145.0,102124.1,4698.0,3488.0
06-Mar-25,Thursday,March,Q1,2025,EQ,106995.5,108250.0,106500.1,105805.5,107502.0,107795.3,107498.0,147145.0,102124.1,5969.0,4321.0
05-Mar-25,Wednesday,March,Q1,2025,EQ,102345.6,105962.5,102124.1,102659.4,105800.0,105805.5,104497.0,147145.0,102124.1,6770.0,5102.0
04-Mar-25,Tuesday,March,Q1,2025,EQ,104900.0,105170.3,102351.0,105170.3,102731.0,102659.4,103599.8,147145.0,102351.0,13881.0,7837.0
03-Mar-25,Monday,March,Q1,2025,EQ,105500.0,106190.9,104025.0,105373.7,105346.7,105170.3,104878.7,147145.0,103824.1,4599.0,3470.0
28-Feb-25,Friday,February,Q1,2025,EQ,105480.0,105649.8,103824.1,105723.4,105500.0,105373.7,104894.8,151224.8,103824.1,8766.0,6030.0
27-Feb-25,Thursday,February,Q1,2025,EQ,107399.0,107879.9,105250.5,107204.0,105480.0,105723.4,106344.2,151224.8,105250.5,8469.0,6078.0
25-Feb-25,Tuesday,February,Q1,2025,EQ,108700.0,109245.0,107000.0,108842.0,107190.0,107204.0,108126.7,151224.8,106335.0,4923.0,3270.0
24-Feb-25,Monday,February,Q1,2025,EQ,109260.0,109500.0,108149.0,109263.3,108700.0,108842.0,108787.6,151224.8,106335.0,4368.0,3259.0
21-Feb-25,Friday,February,Q1,2025,EQ,109900.0,110371.0,108786.0,109938.7,109297.0,109263.3,109398.8,151445.0,106335.0,5319.0,3382.0
20-Feb-25,Thursday,February,Q1,2025,EQ,109750.0,110400.0,108880.6,109570.7,109840.5,109938.7,109844.0,151445.0,106335.0,3751.0,2344.0
19-Feb-25,Wednesday,February,Q1,2025,EQ,108800.0,109900.0,108269.1,109020.5,109178.6,109570.7,109301.5,151445.0,106335.0,3428.0,2710.0
18-Feb-25,Tuesday,February,Q1,2025,EQ,109601.0,110000.0,108700.0,109984.0,108862.8,109020.5,109144.4,151445.0,106335.0,3139.0,2394.0
17-Feb-25,Monday,February,Q1,2025,EQ,109200.0,110371.4,108000.0,109474.9,109958.0,109984.0,109534.8,151445.0,106335.0,5051.0,3599.0
14-Feb-25,Friday,February,Q1,2025,EQ,109688.0,110598.8,108520.6,109767.0,109280.0,109474.9,109453.2,151445.0,106335.0,4673.0,3472.0
13-Feb-25,Thursday,February,Q1,2025,EQ,110000.0,110380.0,109039.5,109394.2,109687.1,109767.0,109769.6,151445.0,106335.0,5402.0,3874.0
12-Feb-25,Wednesday,February,Q1,2025,EQ,108716.5,110967.5,106335.0,108716.5,109390.0,109394.2,108720.6,151445.0,106335.0,11043.0,8135.0
11-Feb-25,Tuesday,February,Q1,2025,EQ,111458.0,111529.8,108419.3,111036.2,108730.0,108716.5,109454.4,151445.0,108419.3,7514.0,5675.0
10-Feb-25,Monday,February,Q1,2025,EQ,113000.0,113393.4,110760.1,112875.1,111000.0,111036.2,111622.7,151445.0,110000.0,6609.0,4801.0
07-Feb-25,Friday,February,Q1,2025,EQ,112450.0,115191.9,112300.2,114128.9,112880.1,112875.1,113670.9,151445.0,110000.0,9034.0,6722.0
06-Feb-25,Thursday,February,Q1,2025,EQ,115200.0,115399.9,110000.0,114960.8,113857.8,114128.9,112846.9,151445.0,110000.0,24120.0,16608.0
05-Feb-25,Wednesday,February,Q1,2025,EQ,114933.0,115420.0,114325.1,114934.7,115000.0,114960.8,114972.8,151445.0,110100.0,5231.0,3736.0
04-Feb-25,Tuesday,February,Q1,2025,EQ,114000.0,115007.4,113111.0,113793.3,114502.0,114934.7,114262.3,151445.0,110100.0,5329.0,3698.0
03-Feb-25,Monday,February,Q1,2025,EQ,114100.0,114990.4,113400.0,114183.5,113680.0,113793.3,114105.4,151445.0,110100.0,4291.0,3091.0
01-Feb-25,Saturday,February,Q1,2025,EQ,113632.5,114500.0,112215.2,113632.5,114000.0,114183.5,113774.1,151445.0,110100.0,4218.0,3493.0
31-Jan-25,Friday,January,Q1,2025,EQ,111800.0,114606.3,111800.0,112622.5,114100.0,113632.5,113678.8,151445.0,110100.0,6999.0,4867.0
30-Jan-25,Thursday,January,Q1,2025,EQ,112395.0,113500.0,112045.4,112335.0,112301.1,112622.5,112814.0,151445.0,110100.0,7858.0,6127.0
29-Jan-25,Wednesday,January,Q1,2025,EQ,112350.0,112800.4,111600.1,112883.7,112395.0,112335.0,112217.5,151445.0,110100.0,5682.0,3987.0
28-Jan-25,Tuesday,January,Q1,2025,EQ,111077.0,113092.9,111077.0,111256.5,112841.0,112883.7,112506.1,151445.0,110100.0,9345.0,6491.0
27-Jan-25,Monday,January,Q1,2025,EQ,111479.0,111568.7,110100.0,111484.6,111111.0,111256.5,110805.0,151445.0,110100.0,4370.0,3550.0
24-Jan-25,Friday,January,Q1,2025,EQ,112000.0,112667.8,111011.5,111739.5,111500.0,111484.6,111765.1,151445.0,110525.6,4615.0,3386.0
23-Jan-25,Thursday,January,Q1,2025,EQ,111400.0,112200.0,110550.0,111599.9,111899.0,111739.5,111520.7,151445.0,110525.6,7377.0,4450.0
22-Jan-25,Wednesday,January,Q1,2025,EQ,113000.0,113003.4,110525.6,112097.3,111501.0,111599.9,111448.4,151445.0,110525.6,5531.0,4222.0
21-Jan-25,Tuesday,January,Q1,2025,EQ,113790.0,115294.8,111912.1,113786.6,112099.0,112097.3,113127.3,151445.0,111912.1,6999.0,5180.0
20-Jan-25,Monday,January,Q1,2025,EQ,113948.7,114044.3,112100.0,113948.7,113502.1,113786.6,113199.0,151445.0,112100.0,5911.0,4329.0
17-Jan-25,Friday,January,Q1,2025,EQ,114400.0,114539.2,113301.1,114463.6,113960.0,113948.7,113839.1,151445.0,112652.2,3965.0,2984.0
16-Jan-25,Thursday,January,Q1,2025,EQ,114800.0,115300.1,114138.1,114227.0,114500.0,114463.6,114654.4,151445.0,112652.2,4528.0,3476.0
15-Jan-25,Wednesday,January,Q1,2025,EQ,115200.0,115200.0,113754.5,114213.4,114000.0,114227.0,114362.2,151445.0,112652.2,5385.0,4275.0
14-Jan-25,Tuesday,January,Q1,2025,EQ,113003.8,114700.0,112652.2,113003.8,114500.0,114213.4,113915.2,151445.0,112652.2,8640.0,6538.0
13-Jan-25,Monday,January,Q1,2025,EQ,117000.0,117000.0,112700.0,117104.6,112800.0,113003.8,114290.5,151445.0,112700.0,9530.0,7233.0
10-Jan-25,Friday,January,Q1,2025,EQ,118330.0,119099.7,117000.1,118885.7,117300.0,117104.6,117713.3,151445.0,116347.9,5619.0,4268.0
09-Jan-25,Thursday,January,Q1,2025,EQ,120390.0,120749.9,118740.2,119869.3,118850.1,118885.7,119431.5,151445.0,116347.9,5782.0,4231.0
08-Jan-25,Wednesday,January,Q1,2025,EQ,121998.9,121999.9,119001.0,121222.2,119880.0,119869.3,119889.8,151445.0,116347.9,7672.0,5561.0
07-Jan-25,Tuesday,January,Q1,2025,EQ,123450.0,124230.0,120700.1,122870.0,121270.0,121222.2,121885.5,151445.0,116347.9,8586.0,6367.0
06-Jan-25,Monday,January,Q1,2025,EQ,126800.0,126919.3,122310.0,126362.5,122994.7,122870.0,123810.0,151445.0,116347.9,7675.0,5563.0
03-Jan-25,Friday,January,Q1,2025,EQ,129300.0,129800.0,125125.8,129211.8,126299.0,126362.5,127369.1,151445.0,116347.9,8718.0,5901.0
02-Jan-25,Thursday,January,Q1,2025,EQ,129700.0,129839.1,127800.0,129374.5,129189.0,129211.8,128680.6,151445.0,116347.9,7133.0,4371.0
01-Jan-25,Wednesday,January,Q1,2025,EQ,130000.0,130789.3,129000.0,130634.9,129300.1,129374.5,129905.7,151445.0,116347.9,2343.0,1825.0
31-Dec-24,Tuesday,December,Q4,2024,EQ,130990.0,131400.0,129552.0,131141.8,130300.0,130634.9,130528.3,151445.0,116347.9,3714.0,2908.0
30-Dec-24,Monday,December,Q4,2024,EQ,130955.0,131873.6,129500.0,131553.8,131100.0,131141.8,130856.2,151445.0,116347.9,10148.0,8000.0
27-Dec-24,Friday,December,Q4,2024,EQ,131000.0,132675.0,130930.0,131204.2,131301.0,131553.8,131821.3,151445.0,116347.9,4886.0,3316.0
26-Dec-24,Thursday,December,Q4,2024,EQ,129890.0,131500.0,129890.0,130343.2,131494.1,131204.2,130801.8,151445.0,116347.9,5181.0,3914.0
24-Dec-24,Tuesday,December,Q4,2024,EQ,131180.0,131180.0,129950.0,130345.9,130000.0,130343.2,130400.5,151445.0,116347.9,2554.0,1820.0
23-Dec-24,Monday,December,Q4,2024,EQ,128060.0,130500.0,128060.0,128057.9,130226.0,130345.9,129778.3,151445.0,116347.9,4229.0,3205.0
20-Dec-24,Friday,December,Q4,2024,EQ,129843.1,130660.1,127556.1,129843.1,127864.4,128057.9,128374.4,151445.0,115500.1,9524.0,5170.0
19-Dec-24,Thursday,December,Q4,2024,EQ,129000.0,130104.0,128888.0,130411.3,129701.0,129843.1,129514.5,151445.0,115500.1,3035.0,2267.0
18-Dec-24,Wednesday,December,Q4,2024,EQ,131000.0,131499.4,130100.0,130976.6,130320.8,130411.3,130751.6,151445.0,115500.1,3584.0,2683.0
17-Dec-24,Tuesday,December,Q4,2024,EQ,132530.5,132530.6,130664.1,132530.5,131150.0,130976.6,131451.7,151445.0,115500.1,4757.0,3570.0
16-Dec-24,Monday,December,Q4,2024,EQ,133240.3,133442.8,132300.0,133235.3,132700.0,132530.5,132732.2,151445.0,115500.1,2755.0,2284.0
13-Dec-24,Friday,December,Q4,2024,EQ,132000.0,133500.0,130900.1,131872.4,133012.1,133235.3,132412.0,151445.0,115500.1,5396.0,3809.0
12-Dec-24,Thursday,December,Q4,2024,EQ,132600.0,132781.8,131655.6,132517.4,132100.0,131872.4,132005.2,151445.0,115500.1,3243.0,2289.0
11-Dec-24,Wednesday,December,Q4,2024,EQ,132101.0,132800.0,131851.3,132458.3,132624.1,132517.4,132385.2,151445.0,115500.1,3350.0,2801.0
10-Dec-24,Tuesday,December,Q4,2024,EQ,133100.0,133119.3,131647.3,132151.4,131986.0,132458.3,132441.7,151445.0,115500.1,6593.0,4917.0
09-Dec-24,Monday,December,Q4,2024,EQ,131240.0,133172.5,130800.6,130635.6,132433.6,132151.4,132290.1,151445.0,115500.1,7413.0,5467.0
06-Dec-24,Friday,December,Q4,2024,EQ,130900.0,132200.0,130416.2,130761.5,130799.0,130635.6,131252.1,151445.0,110856.2,7588.0,5747.0
05-Dec-24,Thursday,December,Q4,2024,EQ,126900.0,131210.0,126566.1,126841.4,130700.0,130761.5,129808.2,151445.0,110856.2,13817.0,8814.0
04-Dec-24,Wednesday,December,Q4,2024,EQ,125800.0,127200.0,125325.1,125585.1,126858.0,126841.4,126274.7,151445.0,110856.2,7926.0,5249.0
03-Dec-24,Tuesday,December,Q4,2024,EQ,125500.0,125896.6,124894.5,125359.4,125580.0,125585.1,125432.1,151445.0,110856.2,5200.0,3330.0
02-Dec-24,Monday,December,Q4,2024,EQ,125100.0,125440.9,124261.0,125251.3,125300.0,125359.4,124943.4,151445.0,110856.2,5110.0,3168.0
29-Nov-24,Friday,November,Q4,2024,EQ,123000.0,125432.1,122702.7,123662.4,125040.9,125251.3,124805.6,151445.0,110856.2,8271.0,5773.0
28-Nov-24,Thursday,November,Q4,2024,EQ,124548.0,124690.0,123458.1,124534.2,123580.0,123662.4,123833.5,151445.0,110856.2,6135.0,4277.0
27-Nov-24,Wednesday,November,Q4,2024,EQ,124150.0,125300.0,123110.3,124173.2,124999.9,124534.2,124176.8,151445.0,110856.2,5246.0,3790.0
26-Nov-24,Tuesday,November,Q4,2024,EQ,124700.0,125749.7,124000.1,124492.4,124206.5,124173.2,124789.3,151445.0,110856.2,4556.0,3499.0
25-Nov-24,Monday,November,Q4,2024,EQ,126000.0,126200.0,124000.0,124597.0,124800.0,124492.4,124851.4,151445.0,110856.2,14605.0,8881.0
22-Nov-24,Friday,November,Q4,2024,EQ,123662.0,124742.8,122538.1,123509.9,124453.0,124597.0,123963.0,151445.0,110617.6,6464.0,4260.0
21-Nov-24,Thursday,November,Q4,2024,EQ,123100.0,124100.0,121751.1,122950.6,123462.0,123509.9,123123.9,151445.0,110617.6,6696.0,5034.0
19-Nov-24,Tuesday,November,Q4,2024,EQ,120900.0,124194.6,120570.9,120861.1,122820.0,122950.6,122756.8,151445.0,110617.6,9833.0,7030.0
18-Nov-24,Monday,November,Q4,2024,EQ,119088.1,121174.7,119024.2,120551.8,120930.0,120861.1,120460.5,151445.0,110617.6,6728.0,4734.0
14-Nov-24,Thursday,November,Q4,2024,EQ,120400.0,121901.0,120283.0,120483.7,120601.0,120551.8,120860.9,151445.0,107033.1,5012.0,3737.0
13-Nov-24,Wednesday,November,Q4,2024,EQ,120900.0,121660.0,119925.3,120924.2,120720.5,120483.7,120899.1,151445.0,107033.1,7941.0,5497.0
12-Nov-24,Tuesday,November,Q4,2024,EQ,123700.0,124107.7,120717.1,123045.6,121000.0,120924.2,122188.7,151445.0,107033.1,8804.0,6221.0
11-Nov-24,Monday,November,Q4,2024,EQ,120101.0,125154.1,120050.0,119354.3,122700.0,123045.6,123172.7,151445.0,107033.1,23062.0,14984.0
08-Nov-24,Friday,November,Q4,2024,EQ,121000.0,121249.5,117401.1,121026.0,119100.0,119354.3,119024.3,151445.0,107008.1,15073.0,10738.0
07-Nov-24,Thursday,November,Q4,2024,EQ,121900.0,122333.7,120231.1,121613.6,121149.5,121026.0,121082.8,151445.0,107008.1,5330.0,3885.0
06-Nov-24,Wednesday,November,Q4,2024,EQ,119845.0,121840.8,119845.0,119530.2,121840.0,121613.6,120963.2,151445.0,107008.1,6948.0,5120.0
05-Nov-24,Tuesday,November,Q4,2024,EQ,120801.0,121243.9,118000.0,120876.8,119845.0,119530.2,119384.2,151445.0,107008.1,9899.0,6719.0
04-Nov-24,Monday,November,Q4,2024,EQ,123750.0,123830.3,120500.0,123330.3,120550.0,120876.8,121676.9,151445.0,107008.1,9772.0,6808.0
01-Nov-24,Friday,November,Q4,2024,EQ,122500.0,123499.5,122500.0,122524.5,123380.0,123330.3,123289.1,151445.0,107008.1,927.0,788.0
31-Oct-24,Thursday,October,Q4,2024,EQ,122100.0,122972.8,121503.0,121989.4,122219.9,122524.5,122217.0,151445.0,107008.1,4359.0,3314.0
30-Oct-24,Wednesday,October,Q4,2024,EQ,122200.0,123163.4,121300.1,122507.9,122198.0,121989.4,122234.7,151445.0,107008.1,6372.0,4325.0
29-Oct-24,Tuesday,October,Q4,2024,EQ,123399.0,123400.0,120750.0,123091.0,122345.6,122507.9,121857.9,151445.0,107008.1,5946.0,4361.0
28-Oct-24,Monday,October,Q4,2024,EQ,122900.0,124298.0,122819.3,122751.8,122999.0,123091.0,123481.7,151445.0,107008.1,5059.0,4120.0
25-Oct-24,Friday,October,Q4,2024,EQ,124131.2,124862.3,121875.1,124131.2,122899.0,122751.8,123228.5,151445.0,107008.1,6300.0,4291.0
24-Oct-24,Thursday,October,Q4,2024,EQ,125600.0,125999.9,123950.0,125494.0,124160.0,124131.2,124581.1,151445.0,107008.1,5151.0,3768.0
23-Oct-24,Wednesday,October,Q4,2024,EQ,126100.0,126755.0,124988.4,126407.3,125500.0,125494.0,125914.4,151445.0,107008.1,6712.0,4948.0
22-Oct-24,Tuesday,October,Q4,2024,EQ,128990.0,128990.0,126100.0,128243.0,126498.0,126407.3,127328.3,151445.0,107008.1,5713.0,4270.0
21-Oct-24,Monday,October,Q4,2024,EQ,130100.0,132000.0,128051.1,129444.7,128250.0,128243.0,129850.1,151445.0,107008.1,9788.0,6923.0
18-Oct-24,Friday,October,Q4,2024,EQ,129800.0,129950.0,128618.0,129811.8,129599.0,129444.7,129399.9,151445.0,107008.1,3964.0,3119.0
17-Oct-24,Thursday,October,Q4,2024,EQ,130421.0,130949.9,129400.0,130493.8,129898.0,129811.8,129925.8,151445.0,107008.1,3163.0,2339.0
16-Oct-24,Wednesday,October,Q4,2024,EQ,131000.3,131278.1,129530.1,131027.3,130585.0,130493.8,130304.7,151445.0,107008.1,5437.0,3734.0
15-Oct-24,Tuesday,October,Q4,2024,EQ,131914.0,132500.0,130850.0,131913.3,131186.6,131027.3,131348.6,151445.0,107008.1,6023.0,3424.0
14-Oct-24,Monday,October,Q4,2024,EQ,132197.6,132900.0,131251.2,132197.6,132125.1,131913.3,132070.8,151445.0,107008.1,5429.0,4182.0
11-Oct-24,Friday,October,Q4,2024,EQ,132400.0,132417.9,131151.2,132214.5,132214.2,132197.6,131926.1,151445.0,106405.0,3353.0,2424.0
10-Oct-24,Thursday,October,Q4,2024,EQ,133600.0,133690.0,132000.0,132583.3,132409.9,132214.5,132673.5,151445.0,106405.0,3208.0,2398.0
09-Oct-24,Wednesday,October,Q4,2024,EQ,133800.0,133990.0,132450.9,132140.2,132700.0,132583.3,132941.6,151445.0,106405.0,4681.0,3659.0
08-Oct-24,Tuesday,October,Q4,2024,EQ,131600.0,132583.9,130850.1,131237.9,132200.0,132140.2,131760.9,151445.0,106405.0,5944.0,4527.0
07-Oct-24,Monday,October,Q4,2024,EQ,135377.0,135500.0,130555.0,133408.8,131555.0,131237.9,132162.8,151445.0,106405.0,7958.0,6477.0
04-Oct-24,Friday,October,Q4,2024,EQ,136600.0,136782.8,133000.0,136104.4,133500.0,133408.8,134302.1,151445.0,106405.0,10223.0,7379.0
03-Oct-24,Thursday,October,Q4,2024,EQ,138000.0,139894.5,135924.4,140262.9,136200.0,136104.4,137417.2,151445.0,106405.0,7483.0,5529.0
01-Oct-24,Tuesday,October,Q4,2024,EQ,139600.0,140447.1,138950.2,138513.7,140101.0,140262.9,139877.8,151445.0,106405.0,3931.0,3077.0
30-Sep-24,Monday,September,Q3,2024,EQ,141000.0,141884.9,138200.1,140973.9,138600.0,138513.7,139546.9,151445.0,106405.0,6269.0,4956.0
27-Sep-24,Friday,September,Q3,2024,EQ,138700.0,142383.9,138377.0,138852.2,141000.1,140973.9,141235.3,151445.0,106405.0,12240.0,8793.0
26-Sep-24,Thursday,September,Q3,2024,EQ,139250.0,139500.0,137697.1,139156.2,138800.0,138852.2,138609.7,151445.0,106405.0,8335.0,5982.0
25-Sep-24,Wednesday,September,Q3,2024,EQ,137348.0,139855.7,137300.2,137813.0,139139.0,139156.2,138747.2,151445.0,106405.0,8665.0,5902.0
24-Sep-24,Tuesday,September,Q3,2024,EQ,137210.0,138000.0,136750.0,137234.8,137204.6,137813.0,137570.3,151445.0,106405.0,5250.0,3744.0
23-Sep-24,Monday,September,Q3,2024,EQ,136050.0,137500.0,136050.0,135934.4,137292.3,137234.8,136840.1,151445.0,106405.0,5664.0,4122.0
20-Sep-24,Friday,September,Q3,2024,EQ,136500.0,136818.3,135100.1,136347.6,136000.0,135934.4,135902.5,151445.0,106405.0,13578.0,8567.0
19-Sep-24,Thursday,September,Q3,2024,EQ,134700.0,136850.0,134123.0,134242.7,136500.0,136347.6,135550.0,151445.0,106405.0,7839.0,5632.0
18-Sep-24,Wednesday,September,Q3,2024,EQ,135690.0,135690.0,133300.0,135219.2,134300.0,134242.7,134393.0,151445.0,106405.0,4978.0,3648.0
17-Sep-24,Tuesday,September,Q3,2024,EQ,137050.0,137264.4,135053.0,136427.0,135249.0,135219.2,135716.7,151445.0,106405.0,2915.0,2447.0
16-Sep-24,Monday,September,Q3,2024,EQ,137800.0,138509.0,136100.0,137354.0,136250.0,136427.0,136890.3,151445.0,106405.0,5576.0,4151.0
13-Sep-24,Friday,September,Q3,2024,EQ,136400.0,137600.0,135800.1,135962.3,137485.0,137354.0,137086.3,151445.0,106405.0,4948.0,3794.0
12-Sep-24,Thursday,September,Q3,2024,EQ,135798.0,136476.1,135500.0,135346.0,135600.0,135962.3,135939.7,151445.0,106405.0,3413.0,2530.0
11-Sep-24,Wednesday,September,Q3,2024,EQ,136220.0,136650.0,135141.8,135759.4,135775.3,135346.0,135798.0,151445.0,106405.0,5167.0,3425.0
10-Sep-24,Tuesday,September,Q3,2024,EQ,134850.0,136359.9,134255.7,133979.3,135775.0,135759.4,135527.2,151445.0,106405.0,5084.0,4179.0
09-Sep-24,Monday,September,Q3,2024,EQ,135000.0,135000.0,132600.0,134260.8,134117.0,133979.3,133874.7,151445.0,106405.0,6107.0,5103.0
06-Sep-24,Friday,September,Q3,2024,EQ,136350.0,136700.0,134042.5,136017.1,134200.0,134260.8,135151.3,151445.0,106405.0,3820.0,3237.0
05-Sep-24,Thursday,September,Q3,2024,EQ,136250.0,136666.0,135500.0,135326.9,136000.0,136017.1,136056.5,151445.0,106405.0,3971.0,2959.0
04-Sep-24,Wednesday,September,Q3,2024,EQ,134398.0,135459.8,134055.5,134419.0,135300.0,135326.9,134996.9,151445.0,106405.0,4118.0,2876.0
03-Sep-24,Tuesday,September,Q3,2024,EQ,134750.0,134798.0,134040.0,134195.3,134500.0,134419.0,134365.2,151445.0,106405.0,4691.0,3200.0
02-Sep-24,Monday,September,Q3,2024,EQ,135450.0,136078.7,134000.0,134833.5,134400.9,134195.3,134646.8,151445.0,106405.0,6841.0,5230.0
